name,time/op (ns/op),±
Gol/512x512x100-3-12,3.14513E+10,0%
Gol/512x512x100-4-12,4.61166E+10,0%
