name,time/op (ns/op),±
Gol/512x512x100-1-12,2.33146E+10,0%
Gol/512x512x100-2-12,2.92833E+10,0%
