name,time/op (ns/op),±
Gol/512x512x100-7-12,8.50550E+10,0%
Gol/512x512x100-8-12,9.24979E+10,0%
