name,time/op (ns/op),±
Gol/512x512x100-5-12,7.26669E+10,0%
Gol/512x512x100-6-12,1.16320E+11,0%
